trade_id,symbol,side,entry_time,exit_time,entry_price,exit_price,stop_loss,take_profit,quantity,pnl,pnl_pct,fees,rr_planned,outcome,platform,timeframe_hint,source_image,source_path,capture_ts_from_name,confidence,field_confidence,dedupe_key,dataset_version,ocr_n_labels,ocr_n_gray,ocr_n_green,ocr_n_red,ocr_raw_preview,validation_issues,flags
cc84a44a2be105fd,UNKNOWN,,,,,,,,,,,,,unknown,WhatsApp,,IMG-20260424-WA0045.jpg,D:\Danilo\Trading\Cursor Trading\assets\images\Operaciones del celular desde 1 abril hasta 17 septiembre\IMG-20260424-WA0045.jpg,,0.3,"{""symbol"": 0.3, ""capture_ts"": 0.0}",aea9662c416c,v_ops_apr_sep,0,0,0,0,LIQUIDES High 23:80 22:88 21:88 Low,"[""missing_entry"", ""missing_side"", ""low_confidence"", ""sparse_ocr""]",missing_side;missing_entry
039ed97651840a49,XAUUSD,long,,,4692.03,,4686.38,4705.18,,,,,2.327,open,WhatsApp,,IMG-20260513-WA0001.jpg,D:\Danilo\Trading\Cursor Trading\assets\images\Operaciones del celular desde 1 abril hasta 17 septiembre\IMG-20260513-WA0001.jpg,,0.803,"{""entry"": 0.896941350400448, ""take_profit"": 0.8884687691926956, ""stop_loss"": 0.8280701667070389, ""side"": 0.9, ""symbol"": 0.5, ""capture_ts"": 0.0}",3faf822f98b4,v_ops_apr_sep,21,1,2,1,"11:28 TTradingView Oroalcontado/Dolarestadouniden....30 USD -6,39 (-0,14%) 4.720,00 4.716,00 4.712,00 XAUUSD 4.708,65 01:24 4.705,18 4.704,00 4.700,00 4.696,00 4.692,03 4.688,00 4.686,38 4.684,00 4.680,00 4.676,00 4.672,00 4.668,00 4.665,33",[],
1b3a66ab5bc9b5ac,XAUUSD,,,,,,,4533.6,,,,,,unknown,WhatsApp,,IMG-20260515-WA0003.jpg,D:\Danilo\Trading\Cursor Trading\assets\images\Operaciones del celular desde 1 abril hasta 17 septiembre\IMG-20260515-WA0003.jpg,,0.35,"{""take_profit"": 0.8884918808937072, ""symbol"": 0.5, ""capture_ts"": 0.0}",13d8710bcb8d,v_ops_apr_sep,31,0,1,2,"11:04 1TradingView .4G Oroalcontado/Dolarestadounidense USD 15,13(-2,48%) 4.600,00 4.595,00 Posiciones Ordenes Transacciones XAUUSDbuy0.25 4.590,00 -103.50 4646.32→4642.18 2026.05.1500:20:00 XAUUSDsell2 1502.00 4.585,00 4550.63→4543.12 2026","[""missing_entry"", ""missing_side"", ""low_confidence""]",missing_side;missing_entry
ceb170e24c8badc2,XAUUSD,,,,4543.28,,4512.69,4498.98,,,,,1.448,open,WhatsApp,H1,IMG-20260526-WA0003.jpg,D:\Danilo\Trading\Cursor Trading\assets\images\Operaciones del celular desde 1 abril hasta 17 septiembre\IMG-20260526-WA0003.jpg,,0.782,"{""entry"": 0.897218418121338, ""take_profit"": 0.8934136748313903, ""stop_loss"": 0.8391196340322495, ""symbol"": 0.5, ""capture_ts"": 0.0}",ceeaee761d28,v_ops_apr_sep,25,1,2,1,"11:03 TradingView Oroalcontado/Dolarestadounidense USD -9,01(-0,20%) 4.548,00 BUYSPOTENCIAL 4.544.00 4.543,28 4.540,00 11:00 三 536,00 534,78 Posiciones Ordenes Transacciones 532,00 Balance 100000.00 ProgramaBalance:100000.00USD 2026.05.20 1","[""missing_side""]",missing_side
62745f1db947c362,XAUUSD,long,,,4024.04,,3998.41,4104.68,,,,,3.146,open,WhatsApp,,IMG-20260702-WA0001.jpg,D:\Danilo\Trading\Cursor Trading\assets\images\Operaciones del celular desde 1 abril hasta 17 septiembre\IMG-20260702-WA0001.jpg,,0.817,"{""entry"": 0.95, ""take_profit"": 0.8948609054088592, ""stop_loss"": 0.8393411636352539, ""side"": 0.9, ""symbol"": 0.5, ""capture_ts"": 0.0}",e268cc1ad6dd,v_ops_apr_sep,29,5,6,5,"7:58 1'TradingView 4G Oroalcontado/Dolarestadounidense USD 28 (+2,07%) 4.10U,UU eAlgo 4.170,00 4.160,00 4.150,00 4.144,55 4.140,00 4.129,54 4.120,00 XAUUSD 4.114,23 01:09 4.107,69 4.104,68 4.091,31 4.085,42 4.080,00 4.070,00 4.057,75 060-00",[],
d57967b8bdcdec64,BTCUSDT,short,,,62823.102,,,62552.0,,,,,,open,WhatsApp,,IMG-20260703-WA0006.jpg,D:\Danilo\Trading\Cursor Trading\assets\images\Operaciones del celular desde 1 abril hasta 17 septiembre\IMG-20260703-WA0006.jpg,,0.849,"{""entry"": 0.95, ""take_profit"": 0.895710039138794, ""side"": 0.65, ""symbol"": 0.9, ""capture_ts"": 0.0}",7edaac731eb1,v_ops_apr_sep,18,3,3,0,"Maximo 62.979,860 62.960,000 62.920,000 62.880,000 62.840,420 62.823,102 62.800,00 62.760,000 62.714,020 720.000 62.680,000 62.640,000 62.600,00 62.583,260 62.552,000 62.560.000 02:33 62.520,000 62.500,240 62.480,000 71,6 70,0 50,0",[],
56ea4d6330af4976,BTCUSDT,short,,,64268.49,,,64006.01,,,,,,open,WhatsApp,,IMG-20260710-WA0006.jpg,D:\Danilo\Trading\Cursor Trading\assets\images\Operaciones del celular desde 1 abril hasta 17 septiembre\IMG-20260710-WA0006.jpg,,0.849,"{""entry"": 0.95, ""take_profit"": 0.8942901849746705, ""side"": 0.65, ""symbol"": 0.9, ""capture_ts"": 0.0}",1d84aac90f70,v_ops_apr_sep,21,2,2,0,"64.350,00 64.325,000 Maximo 64.310,000 04.300,0U 64.268,490 64.275.000 64.250,00 64.223,104 64.200,00 64.175,000 64.161,720 64.150,00 64.127,376 64.100,00 64.075,000 64.058,310 04.030,00 64.025,000 Ask 64.006,010 04:20 63.975,000 63.950,00 ",[],
0c8b8edcd7239ed8,BTCUSDT,long,,,64223.104,,64093.23,64284.63,,,,,0.474,open,WhatsApp,,IMG-20260711-WA0000.jpg,D:\Danilo\Trading\Cursor Trading\assets\images\Operaciones del celular desde 1 abril hasta 17 septiembre\IMG-20260711-WA0000.jpg,,0.897,"{""entry"": 0.95, ""take_profit"": 0.8929218697547913, ""stop_loss"": 0.8417696142196656, ""side"": 0.9, ""symbol"": 0.9, ""capture_ts"": 0.0}",dfd2943740d3,v_ops_apr_sep,18,2,2,1,"64.320,000 Maximo 64.310,000 64.300,000 64.284,630 04.Z0U,0UU Ask 64.265,740 04:53 64.240,000 64.223,104 64.200,000 64.180,000 64.161,720 64.154,112 64.142,090 64.120,000 64.108,004 64.100,000 64.093,230 64.080,000 64.060.000 70,0 63,4 62,3",[],
e53ffb77b15687db,BTCUSDT,short,2026-03-24 19:44:12,,70690.08,,70931.04,70204.73,,,,,2.014,open,Exness,,Screenshot_20260324-194412.Exness.png,D:\Danilo\Trading\Cursor Trading\assets\images\Operaciones del celular desde 1 abril hasta 17 septiembre\Screenshot_20260324-194412.Exness.png,2026-03-24 19:44:12,0.898,"{""entry"": 0.95, ""take_profit"": 0.8986244599024455, ""stop_loss"": 0.8430710077285767, ""side"": 0.9, ""symbol"": 0.9, ""capture_ts"": 0.95}",2b1be3e9a429,v_ops_apr_sep,14,2,2,1,"Maximo 71.026,38 71.000,UU 70.931,04 70.899,40 70.800,00 70.715,81 70.690,08 70-600-00 70.578,16 70.500,00 70.400,00 70.344,73 70.300,00 70.204,73 70.190,72 70.100.00 Minimo 70.079,71",[],
47c7f887654c393f,BTCUSDT,long,2026-03-31 11:54:55,,66944.33,,66705.56,67824.4,,,,,3.686,open,Exness,,Screenshot_20260331-115455.Exness.png,D:\Danilo\Trading\Cursor Trading\assets\images\Operaciones del celular desde 1 abril hasta 17 septiembre\Screenshot_20260331-115455.Exness.png,2026-03-31 11:54:55,0.886,"{""entry"": 0.8969770193099976, ""take_profit"": 0.895243247350057, ""stop_loss"": 0.8382280005349054, ""side"": 0.9, ""symbol"": 0.9, ""capture_ts"": 0.95}",ffdd5bc27a70,v_ops_apr_sep,13,1,1,2,"Maximo 67.961,77 67.824,40 67.726,05 67.625,46 67.400,00 67.200,00 67.000,00 66.944,33 66.800,00 66.705,56 66.600,00 66.492,96 66.400.00 Minimo 66.350,71",[],
963d476f7e6d0aec,BTCUSDT,,2026-04-23 22:39:47,,78148.78,,78372.37,78167.42,,,,,0.083,open,Exness,,Screenshot_20260423-223947.Exness.png,D:\Danilo\Trading\Cursor Trading\assets\images\Operaciones del celular desde 1 abril hasta 17 septiembre\Screenshot_20260423-223947.Exness.png,2026-04-23 22:39:47,0.884,"{""entry"": 0.8967851824230619, ""take_profit"": 0.898245832655165, ""stop_loss"": 0.8406242820951674, ""symbol"": 0.9, ""capture_ts"": 0.95}",8085d2d7fb9b,v_ops_apr_sep,18,1,3,2,"78.700,00 78.623,87 Maximo 78.615,06 78.500,00 78400.00 78.372,37 78.300,00 78.208,71 78.167,42 78.148,78 78.100,00 78.000,00 77.900,00 77.800,00 77.700,37 77.659,18 77.600.00 Minimo 77.575,25 77.500,00","[""missing_side""]",missing_side
359bbd3e7110a9cd,BTCUSDT,short,2026-05-08 10:27:06,,80165.28,,80426.06,79966.87,,,,,0.761,open,Exness,,Screenshot_20260508-102706.Exness.png,D:\Danilo\Trading\Cursor Trading\assets\images\Operaciones del celular desde 1 abril hasta 17 septiembre\Screenshot_20260508-102706.Exness.png,2026-05-08 10:27:06,0.888,"{""entry"": 0.8971235831578573, ""take_profit"": 0.8991209930843778, ""stop_loss"": 0.8453632434209188, ""side"": 0.9, ""symbol"": 0.9, ""capture_ts"": 0.95}",d6b61cc23c10,v_ops_apr_sep,15,1,2,3,"Maximo 80.509,76 80.426,06 80.400,0U 80.300,00 80.200,00 80.165,28 80.100,00 80.000,00 79.966,87 79.900,00 79.812,94 79.700,00 79.619,40 79.616,09 Minimo 79.522,96",[],
331c9c5c8dadb623,BTCUSDT,long,2026-05-08 20:37:48,,80218.61,,80125.93,80221.53,,,,,0.032,open,Exness,,Screenshot_20260508-203748.Exness.png,D:\Danilo\Trading\Cursor Trading\assets\images\Operaciones del celular desde 1 abril hasta 17 septiembre\Screenshot_20260508-203748.Exness.png,2026-05-08 20:37:48,0.898,"{""entry"": 0.95, ""take_profit"": 0.8991723272535537, ""stop_loss"": 0.8413647201326159, ""side"": 0.9, ""symbol"": 0.9, ""capture_ts"": 0.95}",3abea1fb2a47,v_ops_apr_sep,17,2,3,3,"80.426,06 Maximo 80.410,19 80.399,22 80.385,71 80.374,47 80.360,00 80.320,00 80.280,00 80.240,00 80.221,53 80.218,61 80.217,96 80.165,28 80.125,93 80.093,07 80.080,00 Minimo 80.068,35",[],
5001f554f2d93ce8,BTCUSDT,long,2026-05-10 17:57:44,,81032.05,,80702.9,81282.18,,,,,0.76,open,Exness,,Screenshot_20260510-175744.Exness.png,D:\Danilo\Trading\Cursor Trading\assets\images\Operaciones del celular desde 1 abril hasta 17 septiembre\Screenshot_20260510-175744.Exness.png,2026-05-10 17:57:44,0.887,"{""entry"": 0.896945169236925, ""take_profit"": 0.8963017675611709, ""stop_loss"": 0.8442475875218709, ""side"": 0.9, ""symbol"": 0.9, ""capture_ts"": 0.95}",23f7da1fdb6f,v_ops_apr_sep,19,1,3,3,"Maximo 82.163,61 82.050,82 82.048,28 o2.000,uu 81.800,00 81.600,00 81.400,00 81.282,18 81.200,00 81.135,83 81.032,05 81.020,51 80.936,56 80.827,07 80.702,90 80.646,58 80.551,09 80.400,00 80.270,20 Minimo 80.255,81",[],
a3b82d46f4b20ed3,BTCUSDT,short,2026-06-01 08:00:49,,73829.92,,74325.04,72558.87,,,,,2.567,open,Exness,,Screenshot_20260601-080049.Exness.png,D:\Danilo\Trading\Cursor Trading\assets\images\Operaciones del celular desde 1 abril hasta 17 septiembre\Screenshot_20260601-080049.Exness.png,2026-06-01 08:00:49,0.886,"{""entry"": 0.897164899773068, ""take_profit"": 0.8960240814420912, ""stop_loss"": 0.834648691283332, ""side"": 0.9, ""symbol"": 0.9, ""capture_ts"": 0.95}",2f0c31ab1b9c,v_ops_apr_sep,16,1,1,2,"74.500,00 74.325,04 Maximo 74.226,31 73.900,00 73.829,92 73.700,00 73.500,00 73.400,00 73.250,00 73.000,00 72.800,00 72.558,87 72.250,00 72.098,73 72.000,00 Minimo 71.793,21",[],
7b798a13b2b4520f,BTCUSDT,long,2026-06-03 01:15:16,,65823.76,,65290.92,67114.63,,,,,2.423,open,Exness,,Screenshot_20260603-011516.Exness.png,D:\Danilo\Trading\Cursor Trading\assets\images\Operaciones del celular desde 1 abril hasta 17 septiembre\Screenshot_20260603-011516.Exness.png,2026-06-03 01:15:16,0.888,"{""entry"": 0.8962686883078682, ""take_profit"": 0.8969602849748399, ""stop_loss"": 0.8461326122283936, ""side"": 0.9, ""symbol"": 0.9, ""capture_ts"": 0.95}",5fce9db8710e,v_ops_apr_sep,14,1,2,1,"67.600,00 Maximo 67.460,62 07 400,0u 67.200,00 67.114,63 67.083,82 66.787,13 66.600,00 66.400,00 66.204,02 66.000,00 65.823,76 65.591,20 65.400.00 Minimo 65.317,76 65.290,92",[],
5d102a49d906417a,BTCUSDT,short,2026-06-11 15:36:30,,63707.99,,63932.2,63442.19,,,,,1.185,open,Exness,,Screenshot_20260611-153630.Exness.png,D:\Danilo\Trading\Cursor Trading\assets\images\Operaciones del celular desde 1 abril hasta 17 septiembre\Screenshot_20260611-153630.Exness.png,2026-06-11 15:36:30,0.887,"{""entry"": 0.8978088352415298, ""take_profit"": 0.8976058959960938, ""stop_loss"": 0.841632268163893, ""side"": 0.9, ""symbol"": 0.9, ""capture_ts"": 0.95}",c56318e8eac1,v_ops_apr_sep,17,1,2,2,"63.280,09 64.000,00 63.932,20 63.900,00 Maximo 63.870,78 63.800,00 63.707,99 63.600.00 63.573,85 63.500,00 63.442,19 63.400,00 63300.00 63.280,09 63.260,64 63.200,00 63.136,04 63.100,00",[],
d9fd6136ed148a1a,BTCUSDT,short,2026-06-15 12:31:30,,67179.87,,67326.67,66751.12,,,,,2.921,open,Exness,,Screenshot_20260615-123130.Exness.png,D:\Danilo\Trading\Cursor Trading\assets\images\Operaciones del celular desde 1 abril hasta 17 septiembre\Screenshot_20260615-123130.Exness.png,2026-06-15 12:31:30,0.887,"{""entry"": 0.8983752687772115, ""take_profit"": 0.8918961101108127, ""stop_loss"": 0.8436612261666192, ""side"": 0.9, ""symbol"": 0.9, ""capture_ts"": 0.95}",f3cfdbabea0d,v_ops_apr_sep,15,1,1,2,"67.326,67 67.300,00 Maximo 67.262,28 67.200.00 67.179,87 67.100,00 67.000,00 66.900,00 66.800,00 66.751,12 66.736,21 66.700,00 66.600,00 Minimo 66.530,45 66.500,00 66.400,00",[],
702b00567478a81a,BTCUSDT,long,2026-06-16 09:18:47,,66128.43,,65739.66,66751.12,,,,,1.602,open,Exness,,Screenshot_20260616-091847.Exness.png,D:\Danilo\Trading\Cursor Trading\assets\images\Operaciones del celular desde 1 abril hasta 17 septiembre\Screenshot_20260616-091847.Exness.png,2026-06-16 09:18:47,0.886,"{""entry"": 0.8958436767260234, ""take_profit"": 0.8914920859866673, ""stop_loss"": 0.8424440807766385, ""side"": 0.9, ""symbol"": 0.9, ""capture_ts"": 0.95}",7ab9bdd2209b,v_ops_apr_sep,19,1,2,2,"67.000,00 Maximo 66.948,35 66.900,00 66.800,00 66.751,12 66.700.00 66.663,96 66.600,00 66.500,00 66.400,00 66.300,00 66.200,00 66.128,43 66.000,00 65.900,00 65.855,07 65.800,00 65.739,66 Minimo 65.718,01 65.600,00",[],
bb50c0bee8c778b8,BTCUSDT,long,2026-06-16 13:12:48,,65749.69,,65508.1,66043.82,,,,,1.217,open,Exness,,Screenshot_20260616-131248.Exness.png,D:\Danilo\Trading\Cursor Trading\assets\images\Operaciones del celular desde 1 abril hasta 17 septiembre\Screenshot_20260616-131248.Exness.png,2026-06-16 13:12:48,0.885,"{""entry"": 0.8971354868676928, ""take_profit"": 0.8962537023756239, ""stop_loss"": 0.8327153285344442, ""side"": 0.9, ""symbol"": 0.9, ""capture_ts"": 0.95}",59506891a37e,v_ops_apr_sep,15,1,2,1,"66.300,00 Maximo 66.224,63 66.182,77 66.100,00 66.043,82 66.000,00 65.900,00 65.800,00 65.749,69 65.700,00 65.600,00 65.508,10 65.400,00 Minimo 65.301,07 65.200,00",[],
4ea3feb27f2e1c85,BTCUSDT,,2026-06-17 10:39:15,,65148.43,,65444.52,65456.67,,,,,1.041,open,Exness,,Screenshot_20260617-103915.Exness.png,D:\Danilo\Trading\Cursor Trading\assets\images\Operaciones del celular desde 1 abril hasta 17 septiembre\Screenshot_20260617-103915.Exness.png,2026-06-17 10:39:15,0.885,"{""entry"": 0.8979831655820212, ""take_profit"": 0.8962547805574206, ""stop_loss"": 0.847096053759257, ""symbol"": 0.9, ""capture_ts"": 0.95}",2ede2de3fb2d,v_ops_apr_sep,11,1,2,1,"65.600,00 Maximo 65.458,00 65.456,67 65.444,52 65.200,00 65.148,43 65.000,00 64.800,00 64.600.00 64.561,40 Minimo 64.533,10 64.400,00","[""missing_side""]",missing_side
879eb20626e72768,BTCUSDT,short,2026-06-17 13:04:53,,65995.53,,66229.63,65530.74,,,,,1.985,open,Exness,,Screenshot_20260617-130453.Exness.png,D:\Danilo\Trading\Cursor Trading\assets\images\Operaciones del celular desde 1 abril hasta 17 septiembre\Screenshot_20260617-130453.Exness.png,2026-06-17 13:04:53,0.884,"{""entry"": 0.8947624272770353, ""take_profit"": 0.882509544160631, ""stop_loss"": 0.8431866751776802, ""side"": 0.9, ""symbol"": 0.9, ""capture_ts"": 0.95}",3e053a51db0c,v_ops_apr_sep,16,1,1,2,"Maximo 66.402,14 66.300,00 66.229,63 66.100,00 65.995,53 65.900,00 65.800,00 65.700,00 65.600,00 65.530,74 65.400,00 65.300.00 65.262,04 65.200,00 Minimo 65.137,01 05.100,0U 65.000,00",[],
df6e2617951651da,BTCUSDT,short,2026-06-18 10:38:29,,63342.92,,64039.42,62867.8,,,,,0.682,open,Exness,,Screenshot_20260618-103829.Exness.png,D:\Danilo\Trading\Cursor Trading\assets\images\Operaciones del celular desde 1 abril hasta 17 septiembre\Screenshot_20260618-103829.Exness.png,2026-06-18 10:38:29,0.888,"{""entry"": 0.8975113828976949, ""take_profit"": 0.8944742679595947, ""stop_loss"": 0.8495510737101237, ""side"": 0.9, ""symbol"": 0.9, ""capture_ts"": 0.95}",cd036fd23941,v_ops_apr_sep,14,1,1,3,"Maximo 64.392,28 64.200,00 64.039,42 04.000,00 63.800,00 63.675,85 63.600.00 63.557,39 63.400,00 63.342,92 63.200,00 63.000,00 62.887,28 62.867,80 Minimo 62.866,33",[],
ad18524f892152a0,BTCUSDT,short,2026-06-18 22:14:37,,62964.42,,63119.9,62671.62,,,,,1.883,open,Exness,,Screenshot_20260618-221437.Exness.png,D:\Danilo\Trading\Cursor Trading\assets\images\Operaciones del celular desde 1 abril hasta 17 septiembre\Screenshot_20260618-221437.Exness.png,2026-06-18 22:14:37,0.887,"{""entry"": 0.8975990719265409, ""take_profit"": 0.8975220335854425, ""stop_loss"": 0.8423755115932889, ""side"": 0.9, ""symbol"": 0.9, ""capture_ts"": 0.95}",f8d71786db98,v_ops_apr_sep,19,1,1,2,"62.684,44 63.250,00 2 Maximo 63.217,28 05.200,0u 63.150,00 63.119,90 63.100,00 63.050,00 63.000,00 62.964,42 62.900,00 62.850,00 62.800,00 62.750,00 62.700.00 62.684,44 62.671,62 62.600,00 Minimo 62.547,35 62.500,00",[],
053fe6ed37d2df86,BTCUSDT,long,2026-06-23 18:58:38,,62536.16,,62346.91,62722.61,,,,,0.985,open,Exness,,Screenshot_20260623-185838.Exness.png,D:\Danilo\Trading\Cursor Trading\assets\images\Operaciones del celular desde 1 abril hasta 17 septiembre\Screenshot_20260623-185838.Exness.png,2026-06-23 18:58:38,0.899,"{""entry"": 0.95, ""take_profit"": 0.8990426513883802, ""stop_loss"": 0.8456105417675442, ""side"": 0.9, ""symbol"": 0.9, ""capture_ts"": 0.95}",9906a72e5211,v_ops_apr_sep,21,2,2,3,"62.675,21 62.800,00 62.740,06 Maximo 62.736,91 62.722,61 62.708,38 62.675,21 62.640,00 62.600,00 62.560,00 62.536,16 62.520,00 62.483,48 62.480,48 62.440,00 62.400,00 62.360.00 62.346,91 62.320,00 Minimo 62.298,08 62.280,00 62.240,00 63,59 ",[],
408d9b695893eb69,BTCUSDT,short,2026-06-26 15:36:19,,60198.59,,60681.45,59321.67,,,,,1.816,open,Exness,,Screenshot_20260626-153619.Exness.png,D:\Danilo\Trading\Cursor Trading\assets\images\Operaciones del celular desde 1 abril hasta 17 septiembre\Screenshot_20260626-153619.Exness.png,2026-06-26 15:36:19,0.899,"{""entry"": 0.95, ""take_profit"": 0.8984553310606215, ""stop_loss"": 0.844806350602044, ""side"": 0.9, ""symbol"": 0.9, ""capture_ts"": 0.95}",c3befc66ab94,v_ops_apr_sep,18,2,2,2,"61.000,00 60.800,00 60.681,45 60.600,00 Maximo 60.520,68 60.400,00 60.198,59 60.000,00 59.756,61 59.600,56 59.564,27 59.400,00 59.321,67 59.200,00 59.000,00 58.800,00 58.600,00 Minimo 58.374,91 38,22 6:00 09:00 12:00 15:00",[],
8eababe9a4cd2ad6,BTCUSDT,,2026-06-27 15:16:29,,60367.72,,,,,,,,,open,Other,M5,Screenshot_20260627-151629.Moto App Launcher.png,D:\Danilo\Trading\Cursor Trading\assets\images\Operaciones del celular desde 1 abril hasta 17 septiembre\Screenshot_20260627-151629.Moto App Launcher.png,2026-06-27 15:16:29,0.925,"{""entry"": 0.95, ""symbol"": 0.9, ""capture_ts"": 0.95}",dbedc0617f46,v_ops_apr_sep,23,2,0,0,"3:16 Vo 白62% LTE M5 Publicaciones nM5 60617.95 JSDollarTether 60592.50  49·Ver estadisticas Promocic 60567.05 60541.60 60516.15 joluntoBTCM3-Turttlesoupenreversioni 60490.70 11 de junio 60465.25 jolunto 60439.80 J Balvin,Myke Towers·Billete","[""missing_side""]",missing_side
d6879fc6e1491636,BTCUSDT,long,2026-07-05 13:56:09,,62667.58,,62520.93,62806.0,,,,,0.944,open,TradingView,,Screenshot_20260705-135609.TradingView.png,D:\Danilo\Trading\Cursor Trading\assets\images\Operaciones del celular desde 1 abril hasta 17 septiembre\Screenshot_20260705-135609.TradingView.png,2026-07-05 13:56:09,0.894,"{""entry"": 0.95, ""take_profit"": 0.8877412366867066, ""stop_loss"": 0.8318567276000977, ""side"": 0.9, ""symbol"": 0.9, ""capture_ts"": 0.95}",88cfc8e75bc9,v_ops_apr_sep,23,3,3,1,"63.144,010 63.100,000 63.050,000 63.000,000 Maximo 62.943,590 62.900,000 62.869,520 62.850,000 Ask 62.806,000 03:52 62.769,600 62.750,000 62.700,000 62.667,580 62.650,000 62.613,290 02.000,000 Minimo 62.578,060 62.550,000 62.520,930 62.503,",[],
8faf3321601352e3,BTCUSDT,long,2026-07-06 15:33:25,,63589.85,,63486.02,63846.73,,,,,2.474,open,TradingView,,Screenshot_20260706-153325.TradingView.png,D:\Danilo\Trading\Cursor Trading\assets\images\Operaciones del celular desde 1 abril hasta 17 septiembre\Screenshot_20260706-153325.TradingView.png,2026-07-06 15:33:25,0.882,"{""entry"": 0.8947654914855958, ""take_profit"": 0.885404109954834, ""stop_loss"": 0.8294654202461242, ""side"": 0.9, ""symbol"": 0.9, ""capture_ts"": 0.95}",dffb19327cfe,v_ops_apr_sep,9,1,1,1,"64.000.000 Maximo 63.976,160 63.900,000 63867870 Ask 63.846,730 01:36 63.700,000 63.650,000 63.589,850 63.486,020 63.400,000 80.0 70,0 63,3 59,6 12:00PM 03:00 PM",[],
7e974030202c8d77,BTCUSDT,,2026-07-08 11:44:23,,62613.29,,61451.2,62019.69,,,,,0.511,open,TradingView,,Screenshot_20260708-114423.TradingView.png,D:\Danilo\Trading\Cursor Trading\assets\images\Operaciones del celular desde 1 abril hasta 17 septiembre\Screenshot_20260708-114423.TradingView.png,2026-07-08 11:44:23,0.898,"{""entry"": 0.95, ""take_profit"": 0.8954910063743591, ""stop_loss"": 0.8450052571296692, ""symbol"": 0.9, ""capture_ts"": 0.95}",b9be5fbd8cd0,v_ops_apr_sep,24,5,3,2,"63.000,000 Maximo 62.941,460 62.869,520 62.800.000 62.769,600 62700.000 62.667,580 62.613,290 62.520,930 62.400,000 62.342,210 62.300,000 62.198,643 62100000 62.068,260 Ask 62.019,690 00:37 61.900,000 61.800,000 61.700,000 61.651,190 61.600","[""missing_side""]",missing_side
77437d9f11863a2e,BTCUSDT,short,2026-07-08 17:18:50,,62254.14,,,62204.01,,,,,,open,TradingView,,Screenshot_20260708-171850.TradingView.png,D:\Danilo\Trading\Cursor Trading\assets\images\Operaciones del celular desde 1 abril hasta 17 septiembre\Screenshot_20260708-171850.TradingView.png,2026-07-08 17:18:50,0.848,"{""entry"": 0.95, ""take_profit"": 0.8905976176261903, ""side"": 0.65, ""symbol"": 0.9, ""capture_ts"": 0.95}",07bfc1a67d1a,v_ops_apr_sep,15,5,2,0,"Maximo 62.394,320 62.361184 62.342,210 62.300,000 62.254,140 Ask 62.204,010 01:11 62.100.000 62.083,800 62.016,950 61.900,000 61.800,000 61.768,580 61.700,000 Minimo 61.668,680 61.600.000 70,0 61,3 54,2 19 50,0 12:00PM 01:30PM 03:00 PM 04:3",[],
f5829bd661f5a6f4,BTCUSDT,short,2026-07-11 17:05:44,,64414.7,,,64284.63,,,,,,open,TradingView,,Screenshot_20260711-170544.TradingView.png,D:\Danilo\Trading\Cursor Trading\assets\images\Operaciones del celular desde 1 abril hasta 17 septiembre\Screenshot_20260711-170544.TradingView.png,2026-07-11 17:05:44,0.847,"{""entry"": 0.95, ""take_profit"": 0.8892157483100891, ""side"": 0.65, ""symbol"": 0.9, ""capture_ts"": 0.95}",0e93dd90a477,v_ops_apr_sep,17,3,2,0,"64.480,000 Maximo 64463830 64.457,710 64.440,000 64.420.000 64.414,700 64.407,782 64.400,000 64.380,000 64.360,000 64340.000 Ask 64.334,010 04:17 64.316,163 64.300,000 64.284,630 64.260,000 64.240,000 64.223,104 70,0 67,8 50,0 48,9 12:00PM ",[],
1f9a9d21cd530e53,BTCUSDT,short,2026-07-20 17:17:19,,65579.85,,,65175.01,,,,,,open,TradingView,,Screenshot_20260720-171719.TradingView.png,D:\Danilo\Trading\Cursor Trading\assets\images\Operaciones del celular desde 1 abril hasta 17 septiembre\Screenshot_20260720-171719.TradingView.png,2026-07-20 17:17:19,0.846,"{""entry"": 0.95, ""take_profit"": 0.8851605391502381, ""side"": 0.65, ""symbol"": 0.9, ""capture_ts"": 0.95}",f04c7bc07a44,v_ops_apr_sep,16,3,2,0,"66.000,000 65.869,530 Maximo 65.799,000 65.579,850 65.400,000 Ask 65.175,010 02:41 b5.068.770 65.019,030 16 64.861,844 64.800,000 64.722,540 64.600,000 64.400,000 64.200,000 Minimo 64.077,760 64.000,000",[],
3c7e8192500395b1,BTCUSDT,long,2026-07-22 12:15:30,,65738.75,,65504.32,66409.88,,,,,2.863,open,TradingView,,Screenshot_20260722-121530.TradingView.png,D:\Danilo\Trading\Cursor Trading\assets\images\Operaciones del celular desde 1 abril hasta 17 septiembre\Screenshot_20260722-121530.TradingView.png,2026-07-22 12:15:30,0.881,"{""entry"": 0.8891084229946138, ""take_profit"": 0.8927595615386963, ""stop_loss"": 0.8207337355613709, ""side"": 0.9, ""symbol"": 0.9, ""capture_ts"": 0.95}",ce429b398114,v_ops_apr_sep,14,1,2,1,"66.600,000 66.556,160 66.500,000 66.409,880 Maximo 66.300,000 66182373 Ask 66.146,230 66.000,000 65.900,000 65.800,000 65.738,750 65.700,000 65.600,000 Minimo 65.553,670 65.504,320",[],
20a65cf7d6ae3ed9,BTCUSDT,,2026-07-29 10:08:25,,64904.27,,4288.0,64180.0,,,,,0.012,open,TradingView,,Screenshot_20260729-100825.TradingView.png,D:\Danilo\Trading\Cursor Trading\assets\images\Operaciones del celular desde 1 abril hasta 17 septiembre\Screenshot_20260729-100825.TradingView.png,2026-07-29 10:08:25,0.892,"{""entry"": 0.95, ""take_profit"": 0.8912419152259827, ""stop_loss"": 0.8259048938751221, ""symbol"": 0.9, ""capture_ts"": 0.95}",4ca74511591f,v_ops_apr_sep,15,2,2,1,"64.904,270 64.800,000 Maximo 64.744,810 64.700,000 64.613,290 64.500,000 64.400,000 64.300,000 64.230,4288 Ask 64.180,000 01:36 64100.090 64.082,500 Minimo 64.047,710 64.000,000 63.915,000 70,0 60,0 50,0 46,3 1% 44,3 365 4:30AM 06:00AM 07:3","[""missing_side""]",missing_side
de3ec775ac1da90e,BTCUSDT,,2026-07-31 21:22:51,,,,,63077.16,,,,,,unknown,TradingView,,Screenshot_20260731-212251.TradingView.png,D:\Danilo\Trading\Cursor Trading\assets\images\Operaciones del celular desde 1 abril hasta 17 septiembre\Screenshot_20260731-212251.TradingView.png,2026-07-31 21:22:51,0.35,"{""take_profit"": 0.8755849075317383, ""symbol"": 0.9, ""capture_ts"": 0.95}",6891ceb7db5d,v_ops_apr_sep,19,0,1,2,"63.200,000 Maximo 63.176,460 63.150,000 63.125,000 63.100,000 Ask 63.077,160 02:09 63.050,000 63.025,000 63.000,000 62975.000 62.967,692 2:00 62.950,000 62.925,000 :00 62.903,370 62.887,880 20:00 62.875,000 Minimo 62.846,000 62.825,000 62.8","[""missing_entry"", ""missing_side"", ""low_confidence""]",missing_side;missing_entry
99bcaf0fcd89f24f,BTCUSDT,,2026-08-01 19:10:33,,,,,62925.75,,,,,,unknown,TradingView,,Screenshot_20260801-191033.TradingView.png,D:\Danilo\Trading\Cursor Trading\assets\images\Operaciones del celular desde 1 abril hasta 17 septiembre\Screenshot_20260801-191033.TradingView.png,2026-08-01 19:10:33,0.35,"{""take_profit"": 0.885301320552826, ""symbol"": 0.9, ""capture_ts"": 0.95}",d0aeb72bb1b3,v_ops_apr_sep,12,0,2,0,"62.960,000 MaiAsk 62.925,750 04:27 62.880,000 62.840,000 62.823,640 20:00 62.800,000 18:00 62.760,000 19:00 62.720,000 62.680,000 62.649,760 OZ.040,000 62.600,000 Minimo 62.562,000","[""missing_entry"", ""missing_side"", ""low_confidence""]",missing_side;missing_entry
09d3f57945beb3da,BTCUSDT,long,2026-08-04 09:43:01,,63737.61,,,64180.0,,,,,,open,TradingView,,Screenshot_20260804-094301.TradingView.png,D:\Danilo\Trading\Cursor Trading\assets\images\Operaciones del celular desde 1 abril hasta 17 septiembre\Screenshot_20260804-094301.TradingView.png,2026-08-04 09:43:01,0.837,"{""entry"": 0.8966192770004273, ""take_profit"": 0.8994390988349914, ""side"": 0.65, ""symbol"": 0.9, ""capture_ts"": 0.95}",16102ab31765,v_ops_apr_sep,10,1,2,0,"64.400,000 Maximo 64.180.000 Ask 64.138,590 02:00 64.003,890 63.800,000 08: 63.737,610 09:00 63.600,000 10:00 63.520,000 Minimo 63.451,800 63.400,000",[],
7c29f39adba87d9a,BTCUSDT,long,2026-08-04 13:18:29,,63980.84,,63851.71,64249.22,,,,,2.078,open,TradingView,,Screenshot_20260804-131829.TradingView.png,D:\Danilo\Trading\Cursor Trading\assets\images\Operaciones del celular desde 1 abril hasta 17 septiembre\Screenshot_20260804-131829.TradingView.png,2026-08-04 13:18:29,0.887,"{""entry"": 0.8960517656803132, ""take_profit"": 0.8983361434936523, ""stop_loss"": 0.8392265939712524, ""side"": 0.9, ""symbol"": 0.9, ""capture_ts"": 0.95}",3580d991ea1e,v_ops_apr_sep,11,1,1,2,"64.400,000 Maximo 64.315,630 64.249,220 01:31 64.200,000 64.088,493 64.000.000 63.980,840 14:00 63.900,000 12:p:00 63.851,710 63.800,000 Minimo 63.714,000 70,0 63,1 59.6",[],
30c37a16e0b2c379,BTCUSDT,short,2026-08-05 14:24:12,,64789.83,,,64572.14,,,,,,open,TradingView,,Screenshot_20260805-142412.TradingView.png,D:\Danilo\Trading\Cursor Trading\assets\images\Operaciones del celular desde 1 abril hasta 17 septiembre\Screenshot_20260805-142412.TradingView.png,2026-08-05 14:24:12,0.834,"{""entry"": 0.8954418635368349, ""take_profit"": 0.8920456528663636, ""side"": 0.65, ""symbol"": 0.9, ""capture_ts"": 0.95}",e76ea347f69c,v_ops_apr_sep,9,1,1,0,"65.000,000 Maximo 64.917,170 00:49 64.789,830 64.700,000 64.600,000 64.572,140 13 64.500,000 64.421,125 Minimo 64.300.000",[],
0bda7304c08ce113,BTCUSDT,,2026-08-06 10:40:56,,64692.04,,,,,,,,,open,TradingView,M5,Screenshot_20260806-104056.TradingView.png,D:\Danilo\Trading\Cursor Trading\assets\images\Operaciones del celular desde 1 abril hasta 17 septiembre\Screenshot_20260806-104056.TradingView.png,2026-08-06 10:40:56,0.925,"{""entry"": 0.95, ""symbol"": 0.9, ""capture_ts"": 0.95}",cd40db3b5fb1,v_ops_apr_sep,15,2,0,0,"10:40 Vo 16% LTE 65.100,000 000.000 Maximo 64.987,260 64.900,000 64.800.000 64.784,650 04:04 64.692,040 64.665,230 64.600,000 64.514,170 64.461,489 64.400,000 64.300,000 64.200.000 64.104-400 Minimo 64.172,000 64.100,000 70,0 58,4 57,1 50,0","[""missing_side""]",missing_side
aa57d013dcf17e1d,BTCUSDT,,2026-08-06 12:43:04,,,,,64580.0,,,,,,unknown,TradingView,M5,Screenshot_20260806-124304.TradingView.png,D:\Danilo\Trading\Cursor Trading\assets\images\Operaciones del celular desde 1 abril hasta 17 septiembre\Screenshot_20260806-124304.TradingView.png,2026-08-06 12:43:04,0.35,"{""take_profit"": 0.8977373456954956, ""symbol"": 0.9, ""capture_ts"": 0.95}",fbe68dea322a,v_ops_apr_sep,25,0,2,1,"65.450,000 65.400,000 65.350,000 65.300,000 65.250,000 65.200,000 65.150,000 65.100,000 65.050,000 65.000.000 Maximo 64.987,260 64.950,000 64.920,200 64.850,000 64.800,000 64.750,000 64.700,000 64.679,181 04.0 11:00 64.600,000 64.580,000 12","[""missing_entry"", ""missing_side"", ""low_confidence""]",missing_side;missing_entry
05a81a86c5b1a4b1,BTCUSDT,short,2026-08-08 20:29:59,,65029.29,,,64872.28,,,,,,open,TradingView,,Screenshot_20260808-202959.TradingView.png,D:\Danilo\Trading\Cursor Trading\assets\images\Operaciones del celular desde 1 abril hasta 17 septiembre\Screenshot_20260808-202959.TradingView.png,2026-08-08 20:29:59,0.847,"{""entry"": 0.95, ""take_profit"": 0.8889859175682069, ""side"": 0.65, ""symbol"": 0.9, ""capture_ts"": 0.95}",b9e7b85dcb6c,v_ops_apr_sep,16,2,1,0,"65.175,000 Maximo 65.150,000 65.125,000 65.100,000 65.075,000 65.050,000 65.029,290 65.000,000 64.982,180 64.962,600 64.950,000 19:00 64.925,000 64.900,000 64.872.280 Minimo 64.863,030 21:00 00:02 64.825,000 70,0 58,4 50,0 42,5 30,0 0PM 03:",[],
7d8a8aa12b7656b2,BTCUSDT,long,2026-08-09 17:17:43,,65161.18,,65082.45,65306.54,,,,,1.846,open,TradingView,,Screenshot_20260809-171743.TradingView.png,D:\Danilo\Trading\Cursor Trading\assets\images\Operaciones del celular desde 1 abril hasta 17 septiembre\Screenshot_20260809-171743.TradingView.png,2026-08-09 17:17:43,0.894,"{""entry"": 0.95, ""take_profit"": 0.8829157114028932, ""stop_loss"": 0.8390013480186462, ""side"": 0.9, ""symbol"": 0.9, ""capture_ts"": 0.95}",428b3beb6559,v_ops_apr_sep,17,3,1,2,"Maximo 65.474,460 65.440,000 65.400,000 65.360,510 02:17 65.323,013 65.306,540 65.280,000 65.240,000 65.200,000 65.161,180 65.120,000 17:0 65.082,450 65.040.000 16:00 65.029,290 Minimo 64.999,990 64.982,180 64.962,600 70,9 70,0 50,0 38,5 30",[],
92bbe2ef97f9080e,BTCUSDT,short,2026-08-11 11:38:42,,53936.2,,,53898.4,,,,,,open,TradingView,,Screenshot_20260811-113842.TradingView.png,D:\Danilo\Trading\Cursor Trading\assets\images\Operaciones del celular desde 1 abril hasta 17 septiembre\Screenshot_20260811-113842.TradingView.png,2026-08-11 11:38:42,0.835,"{""entry"": 0.8951620757579805, ""take_profit"": 0.8934770441055297, ""side"": 0.65, ""symbol"": 0.9, ""capture_ts"": 0.95}",dccc22f4bcd5,v_ops_apr_sep,15,1,2,0,"54.100,000 54.080,000 Maximo 54.072,300 54.060,000 54.042,200 54.020,000 54.000,000 53.980,000 53.960,000 53.950,300 10:00 52040000 53.936,200 53.920,000 53.898,400 1:00 01:18 JJ.004.300 Minimo 53.877,100 12:0 53.860,000 70,0 60,0 50,0 42,2",[],
1a88c9800c619a17,UNKNOWN,,2026-08-11 13:48:50,,,,,,,,,,,unknown,TradingView,,Screenshot_20260811-134850.TradingView.png,D:\Danilo\Trading\Cursor Trading\assets\images\Operaciones del celular desde 1 abril hasta 17 septiembre\Screenshot_20260811-134850.TradingView.png,2026-08-11 13:48:50,0.3,"{""symbol"": 0.3, ""capture_ts"": 0.95}",a12692619440,v_ops_apr_sep,0,0,0,0,"90,200 Maximo 90,017 89,921 89,854 01:10 89,732 89,600 4:00 89,530 3:00 89,400 89,290 89,200 88,987 88,800","[""missing_entry"", ""missing_side"", ""low_confidence"", ""sparse_ocr""]",missing_side;missing_entry
332628799a52dce5,BTCUSDT,long,2026-08-11 14:44:19,,63273.44,,63187.8,63444.0,,,,,1.992,open,TradingView,,Screenshot_20260811-144419.TradingView.png,D:\Danilo\Trading\Cursor Trading\assets\images\Operaciones del celular desde 1 abril hasta 17 septiembre\Screenshot_20260811-144419.TradingView.png,2026-08-11 14:44:19,0.886,"{""entry"": 0.8930765855312348, ""take_profit"": 0.894927396774292, ""stop_loss"": 0.8428740787506104, ""side"": 0.9, ""symbol"": 0.9, ""capture_ts"": 0.95}",229423c8061e,v_ops_apr_sep,14,1,2,1,"63.680,000 Maximo 63.640,230 63.600,000 63.560,000 63.520,000 63.480,000 63.460,020 63.444,000 13:0 00:41 63.400,000 63.360,000 63-320.000 63.307,242 63.273,440 Minimo 63.238,000 15:00 63-200.000 63.187,800",[],
b3035521ae410944,BTCUSDT,long,2026-08-11 18:16:44,,63678.21,,63570.82,63804.36,,,,,1.175,open,TradingView,,Screenshot_20260811-181644.TradingView.png,D:\Danilo\Trading\Cursor Trading\assets\images\Operaciones del celular desde 1 abril hasta 17 septiembre\Screenshot_20260811-181644.TradingView.png,2026-08-11 18:16:44,0.882,"{""entry"": 0.8959357988834382, ""take_profit"": 0.8835367155075073, ""stop_loss"": 0.832497582435608, ""side"": 0.9, ""symbol"": 0.9, ""capture_ts"": 0.95}",a9a6b75c9be3,v_ops_apr_sep,16,1,1,2,"63.825,000 63.804,360 63.775000 Maximo 63.768,580 63.750,000 63.725,000 63.700,000 63.678,210 63.650.000 63.639,858 63.625,000 63.611,380 63.600,000 63.570,820 03:16 63.525,000 63.500,000 Minimo 63.476,290",[],
a56e2b943f9410ae,BTCUSDT,long,2026-08-11 19:50:34,,63579.96,,63508.84,63738.98,,,,,2.236,open,TradingView,,Screenshot_20260811-195034.TradingView.png,D:\Danilo\Trading\Cursor Trading\assets\images\Operaciones del celular desde 1 abril hasta 17 septiembre\Screenshot_20260811-195034.TradingView.png,2026-08-11 19:50:34,0.883,"{""entry"": 0.8959878170490265, ""take_profit"": 0.8920741868019104, ""stop_loss"": 0.8292744612693788, ""side"": 0.9, ""symbol"": 0.9, ""capture_ts"": 0.95}",5c2caa9bfdc2,v_ops_apr_sep,12,1,1,1,"63.800,000 Maximo 63.768,580 63.738,980 04:26 63.680,000 63.640,000 63.600,000 63.579,960 63.560,000 19:00 20:00 63.520.000 63.508,840 63.480,000 63.440,000",[],
0b32843f03d381f5,BTCUSDT,long,2026-08-12 09:39:45,,63869.829,,63562.75,64157.25,,,,,0.936,open,TradingView,,Screenshot_20260812-093945.TradingView.png,D:\Danilo\Trading\Cursor Trading\assets\images\Operaciones del celular desde 1 abril hasta 17 septiembre\Screenshot_20260812-093945.TradingView.png,2026-08-12 09:39:45,0.894,"{""entry"": 0.95, ""take_profit"": 0.8917134761810304, ""stop_loss"": 0.8268795834647285, ""side"": 0.9, ""symbol"": 0.9, ""capture_ts"": 0.95}",2ca9c8170bff,v_ops_apr_sep,16,4,1,1,"Maximo 64.500,000 64.400,000 64.300,000 64.200,000 64.157,250 64.100,000 64.021,394 08:0 63.900,000 63.869,829 09:0 53800000 63.783,460 63.700,000 63.632,664 63.600,000 63.562,75 Minimo 63.529,410 63.500.000",[],
fa9b873cf40db396,BTCUSDT,,2026-08-12 19:23:18,,63642.82,,63403.783,63295.54,,,,,1.453,open,TradingView,,Screenshot_20260812-192318.TradingView.png,D:\Danilo\Trading\Cursor Trading\assets\images\Operaciones del celular desde 1 abril hasta 17 septiembre\Screenshot_20260812-192318.TradingView.png,2026-08-12 19:23:18,0.895,"{""entry"": 0.95, ""take_profit"": 0.8971661853790283, ""stop_loss"": 0.8312609910964965, ""symbol"": 0.9, ""capture_ts"": 0.95}",e2fcbe5ae642,v_ops_apr_sep,13,2,1,1,"63.750,000 Maximo 63.717,310 63.700,000 63.642,820 UT.4Z 63.600,000 63.550.000 63.535,410 63.500,000 63.479,990 63.450,000 :00 63.403,783 63.343,565 Minimo 63310340 63.295.540","[""missing_side""]",missing_side
daf01f514eeaf1ea,BTCUSDT,long,2026-08-13 17:14:21,,63422.64,,63339.29,63612.65,,,,,2.28,open,TradingView,,Screenshot_20260813-171421.TradingView.png,D:\Danilo\Trading\Cursor Trading\assets\images\Operaciones del celular desde 1 abril hasta 17 septiembre\Screenshot_20260813-171421.TradingView.png,2026-08-13 17:14:21,0.886,"{""entry"": 0.8975214064121247, ""take_profit"": 0.893242130279541, ""stop_loss"": 0.8378662657737732, ""side"": 0.9, ""symbol"": 0.9, ""capture_ts"": 0.95}",f3c9ed8f5b39,v_ops_apr_sep,16,1,2,2,"63.640,000 Maximo 63.628,000 63.612,650 00:39 63.588,340 63.560,000 63.520,000 63.479,990 63.440,000 63.422,640 63.403,783 63.391,367 63.360,000 63.339,290 63.320,000 63.280,000 63.240.000",[],
02f18ea7e2955f23,BTCUSDT,short,2026-08-14 01:47:01,,63647.45,,,63349.36,,,,,,open,TradingView,M5,Screenshot_20260814-014701.TradingView.png,D:\Danilo\Trading\Cursor Trading\assets\images\Operaciones del celular desde 1 abril hasta 17 septiembre\Screenshot_20260814-014701.TradingView.png,2026-08-14 01:47:01,0.849,"{""entry"": 0.95, ""take_profit"": 0.8966599774360657, ""side"": 0.65, ""symbol"": 0.9, ""capture_ts"": 0.95}",e8419d701889,v_ops_apr_sep,24,2,2,0,"1:47 白61% 64.000,000 63.960,000 63.943,663 63.920,000 63.880,000 63.840,000 63.800,000 63.760,000 63.720,000 63.680,000 63.647,450 Maximo 63.614,270 63.600,000 63.560.000 63.544,740 63.520,000 63.490,860 63.440,000 63403783 63.391,367 63-36",[],
eae78d778c5a4bc5,BTCUSDT,long,2026-08-14 01:48:56,,53924.5,,53834.5,,,,,,,open,TradingView,M5,Screenshot_20260814-014856.TradingView.png,D:\Danilo\Trading\Cursor Trading\assets\images\Operaciones del celular desde 1 abril hasta 17 septiembre\Screenshot_20260814-014856.TradingView.png,2026-08-14 01:48:56,0.7,"{""entry"": 0.95, ""stop_loss"": 0.4, ""side"": 0.55, ""symbol"": 0.9, ""capture_ts"": 0.95}",03cdc76dc0d0,v_ops_apr_sep,21,3,0,2,"1:48 白60% JU.UUU,UUu 53.970,000 53.960,000 53.950,000 53.940,000 53.936,200 53.930,000 53.924,500 53.920,000 Maximo 53.915,100 53.911,374 53.900,000 53.892,300 53.884,500 53.880,000 :00 53.870,000 53.858,500 01: 53.850,000 53.840,000 53.834",[],
bf40f8fedcfb250d,BTCUSDT,long,2026-08-14 11:35:12,,62640.001,,62487.79,62859.88,,,,,1.445,open,TradingView,,Screenshot_20260814-113512.TradingView.png,D:\Danilo\Trading\Cursor Trading\assets\images\Operaciones del celular desde 1 abril hasta 17 septiembre\Screenshot_20260814-113512.TradingView.png,2026-08-14 11:35:12,0.897,"{""entry"": 0.95, ""take_profit"": 0.8942476296424866, ""stop_loss"": 0.841518635749817, ""side"": 0.9, ""symbol"": 0.9, ""capture_ts"": 0.95}",9cf3a95a1d79,v_ops_apr_sep,21,2,1,1,"63.250,000 63.200,000 Maximo 63.166,480 04:48 63.100,000 63.074,736 63.050,000 63.000,000 62.950,000 62.916,610 000 62.859,880 62.800,000 62.750,000 62.700,000 62.640.001 62.620,390 62.600,000 62.550.000 Minimo 62.535,240 500.000 62.487,790",[],
9fd9b69864ac8c73,BTCUSDT,long,2026-08-14 21:21:43,,62914.389,,62851.53,63123.54,,,,,3.327,open,TradingView,,Screenshot_20260814-212143.TradingView.png,D:\Danilo\Trading\Cursor Trading\assets\images\Operaciones del celular desde 1 abril hasta 17 septiembre\Screenshot_20260814-212143.TradingView.png,2026-08-14 21:21:43,0.884,"{""entry"": 0.8977121436595917, ""take_profit"": 0.8898436546325683, ""stop_loss"": 0.8316882157325745, ""side"": 0.9, ""symbol"": 0.9, ""capture_ts"": 0.95}",c5c25cf63bd3,v_ops_apr_sep,18,1,1,4,"63.150,000 63.123,540 Maximo 63.095,510 03:17 63.050.000 63.043,560 .00 63.025,000 63.015,436 63.000,000 2020000 62.975,000 62950.000 62.940,210 62.925,000 62.914,389 62.900,000 62.890,391 62.875,000 62.851,530 62.825,000 68,3 64,6 52,7 50,",[],
ced722567cedc5f3,BTCUSDT,short,2026-08-18 10:52:19,,64886.36,,,64854.61,,,,,,open,TradingView,,Screenshot_20260818-105219.TradingView.png,D:\Danilo\Trading\Cursor Trading\assets\images\Operaciones del celular desde 1 abril hasta 17 septiembre\Screenshot_20260818-105219.TradingView.png,2026-08-18 10:52:19,0.849,"{""entry"": 0.95, ""take_profit"": 0.8948441433906555, ""side"": 0.65, ""symbol"": 0.9, ""capture_ts"": 0.95}",815d831e90ed,v_ops_apr_sep,15,2,2,0,"65.100,000 Maximo 65.058,810 65.000,000 4.900000 64.886,360 64.854,610 02:42 64.800,000 64.721,160 04.700,000 1:00 64.600,000 64.532,100 64.500,000 64.463,820 64.423,050 64.400,000 64.300,000",[],
8ac8b9b208e0bf3d,BTCUSDT,long,2026-08-18 13:01:30,,53369.0,,53330.8,53437.1,,,,,1.783,open,TradingView,,Screenshot_20260818-130130.TradingView.png,D:\Danilo\Trading\Cursor Trading\assets\images\Operaciones del celular desde 1 abril hasta 17 septiembre\Screenshot_20260818-130130.TradingView.png,2026-08-18 13:01:30,0.879,"{""entry"": 0.8924946117401124, ""take_profit"": 0.883801999092102, ""stop_loss"": 0.8179629707336427, ""side"": 0.9, ""symbol"": 0.9, ""capture_ts"": 0.95}",c186c2fbc8e1,v_ops_apr_sep,17,1,1,1,"53.500,000 53486395 Maximo 53.480,500 53.460,000 53.437,100 53.420,000 53.400,000 53.380,000 53.369,000 53.360,000 53.340.000 1.2:00 53.330,800 13:00 c:cn 14:00 53.317,848 53.300,000 53.280,000 53.260,000 Minimo 53.250,200 53.240,000",[],
c1f70da47ac60164,BTCUSDT,long,2026-08-18 20:01:58,,64593.56,,64530.06,64751.03,,,,,2.48,open,TradingView,M5,Screenshot_20260818-200158.TradingView.png,D:\Danilo\Trading\Cursor Trading\assets\images\Operaciones del celular desde 1 abril hasta 17 septiembre\Screenshot_20260818-200158.TradingView.png,2026-08-18 20:01:58,0.899,"{""entry"": 0.95, ""take_profit"": 0.8973919868469238, ""stop_loss"": 0.8464212012290955, ""side"": 0.9, ""symbol"": 0.9, ""capture_ts"": 0.95}",25ffb8e7440d,v_ops_apr_sep,19,2,1,1,"8:01 白29% 65.200,000 0 0 0 0 65.000,000 64.960,000 64.920,000 4.880.000 Maximo 64.870,890 64.840,000 64.800,000 64.760.000 64.751,030 64.725,420 64.680,000 64.640,000 19: 64.593,560 64.578,411 64.560,000 64.530,060 64.480,000 20 64.454240 7",[],
3bfbf8580dadad27,BTCUSDT,long,2026-08-19 12:09:35,,68801.205,,68254.62,,,,,,,open,TradingView,,Screenshot_20260819-120935.TradingView.png,D:\Danilo\Trading\Cursor Trading\assets\images\Operaciones del celular desde 1 abril hasta 17 septiembre\Screenshot_20260819-120935.TradingView.png,2026-08-19 12:09:35,0.7,"{""entry"": 0.95, ""stop_loss"": 0.4, ""side"": 0.55, ""symbol"": 0.9, ""capture_ts"": 0.95}",d38f99900a9c,v_ops_apr_sep,10,3,0,1,"Maximo 69.500,000 69.400,000 69.200,000 69.014,620 68.801.205 68.755,080 68.600,000 68.400,000 68.254,620 00:25 68.000,000 95,8 78,1 70,0 58.0",[],
69f76a9db9a752e8,BTCUSDT,short,2026-08-19 17:36:53,,70246.03,,,69120.0,,,,,,open,TradingView,,Screenshot_20260819-173653.TradingView.png,D:\Danilo\Trading\Cursor Trading\assets\images\Operaciones del celular desde 1 abril hasta 17 septiembre\Screenshot_20260819-173653.TradingView.png,2026-08-19 17:36:53,0.848,"{""entry"": 0.95, ""take_profit"": 0.8926969003677369, ""side"": 0.65, ""symbol"": 0.9, ""capture_ts"": 0.95}",22163ac9c083,v_ops_apr_sep,13,2,2,0,"70.400,000 70.246,030 Maximo 70.000,000 69.815,400 69.600,000 69.470,010 69.400,000 69.200,000 69.120,000 03:07 68.984,760 718000 68.801,205 68.600,000 68.400,000 16:00 68 200 000",[],
39e619221a4c6701,BTCUSDT,short,2026-08-20 18:17:47,,72642.59,,72918.19,72115.16,,,,,1.914,open,TradingView,,Screenshot_20260820-181747.TradingView.png,D:\Danilo\Trading\Cursor Trading\assets\images\Operaciones del celular desde 1 abril hasta 17 septiembre\Screenshot_20260820-181747.TradingView.png,2026-08-20 18:17:47,0.883,"{""entry"": 0.895973712205887, ""take_profit"": 0.8816920137405395, ""stop_loss"": 0.8367781352996826, ""side"": 0.9, ""symbol"": 0.9, ""capture_ts"": 0.95}",7e8cecc929a0,v_ops_apr_sep,15,1,1,1,"73.200,000 Maximo 73.110,700 73.000,000 400 72.918,190 02:13 72.800,000 72.700,000 72.642,590 19:00 72.600,000 17:00 72.500,000 18:00 72.400,000 72.300,000 72200000 72.179,237 72.115,160 Minimo 72.074,700 72.000,000",[],
55bd8d54a0da45c7,BTCUSDT,long,2026-08-20 19:29:24,,73163.41,,,73812.0,,,,,,open,TradingView,,Screenshot_20260820-192924.TradingView.png,D:\Danilo\Trading\Cursor Trading\assets\images\Operaciones del celular desde 1 abril hasta 17 septiembre\Screenshot_20260820-192924.TradingView.png,2026-08-20 19:29:24,0.847,"{""entry"": 0.95, ""take_profit"": 0.8864184832572937, ""side"": 0.65, ""symbol"": 0.9, ""capture_ts"": 0.95}",0f4e27137668,v_ops_apr_sep,21,3,2,0,"74.000,000 Maximo 73.899,000 73.812,000 00:37 73.700,000 73.600,000 73.500,000 73.456,460 73.400,000 73.300,000 73.200.000 73.163,410 73.100,000 73.025,150 72.884,865 72.800,000 72.700,000 00:6 72.600,000 72.552,770 72.500,000 18:00 72.400,",[],
4b0152dffb946ca8,BTCUSDT,long,2026-08-20 21:47:53,,75604.57,,74585.83,,,,,,,open,TradingView,,Screenshot_20260820-214753.TradingView.png,D:\Danilo\Trading\Cursor Trading\assets\images\Operaciones del celular desde 1 abril hasta 17 septiembre\Screenshot_20260820-214753.TradingView.png,2026-08-20 21:47:53,0.7,"{""entry"": 0.95, ""stop_loss"": 0.4, ""side"": 0.55, ""symbol"": 0.9, ""capture_ts"": 0.95}",4e8fbcf0b72a,v_ops_apr_sep,10,2,0,1,"Maximo 75.785,820 75.604.570 75.550,004 75.400,000 75.238,200 75.000,000 74.800,000 74.585,830 02:07 74.400,000 74.200,000 84,2 70,0 57,2",[],
b348afbd98ca066e,BTCUSDT,long,2026-08-21 13:59:02,,53174.3,,53108.9,,,,,,,open,TradingView,H1,Screenshot_20260821-135902.TradingView.png,D:\Danilo\Trading\Cursor Trading\assets\images\Operaciones del celular desde 1 abril hasta 17 septiembre\Screenshot_20260821-135902.TradingView.png,2026-08-21 13:59:02,0.687,"{""entry"": 0.89653107047081, ""stop_loss"": 0.4, ""side"": 0.55, ""symbol"": 0.9, ""capture_ts"": 0.95}",a5f151103b9c,v_ops_apr_sep,19,1,0,1,"1:59 Vo 白40% LTE 53.420,000 53.400,000 53.380,000 53.360,000 53.340,000 53.320,000 200.000 Maximo 53.296,000 00:59 53.280,000 53.260,000 53.243,830 53.220,000 53.200,000 4:00 53_180.000 53.174,300 1H 53.161,226 13:00 53.140,000 53.120,000 1",[],
274ccb0e80a74fef,BTCUSDT,long,2026-08-24 09:11:37,,78313.3,,77871.96,79106.02,,,,,1.796,open,TradingView,,Screenshot_20260824-091137.TradingView.png,D:\Danilo\Trading\Cursor Trading\assets\images\Operaciones del celular desde 1 abril hasta 17 septiembre\Screenshot_20260824-091137.TradingView.png,2026-08-24 09:11:37,0.899,"{""entry"": 0.95, ""take_profit"": 0.8980257391929627, ""stop_loss"": 0.8458035564422608, ""side"": 0.9, ""symbol"": 0.9, ""capture_ts"": 0.95}",015396d21e6d,v_ops_apr_sep,14,2,1,1,"79.600,000 Maximo 79.450,000 79.259,312 79.106,020 03:24 78.800,000 78.600,000 10:00 78.400,000 78.313,300 78.200,000 77.985,360 08:00 77.871,960 0.9:00 77.734,000 77.600,000 Minimo 77.442,420 70,0 62,8 50,0 06:00AM 09:00AM",[],
895de5a33c4e7c5d,BTCUSDT,,2026-08-24 18:35:33,,78972.23,,78878.92,78480.46,,,,,5.27,open,TradingView,,Screenshot_20260824-183533.TradingView.png,D:\Danilo\Trading\Cursor Trading\assets\images\Operaciones del celular desde 1 abril hasta 17 septiembre\Screenshot_20260824-183533.TradingView.png,2026-08-24 18:35:33,0.896,"{""entry"": 0.95, ""take_profit"": 0.890289113521576, ""stop_loss"": 0.843303701877594, ""symbol"": 0.9, ""capture_ts"": 0.95}",60668e729367,v_ops_apr_sep,16,2,2,1,"79.300,000 79.259,312 79.200,000 79.146,740 Maximo 79.118,420 79.000,000 78.972,230 78900.000 78.878,920 04:27 78.802,950 78.700,000 18:00 78.600,000 19:00 Minimo 78.560,000 78-500000 78.480,460 78.400,000","[""missing_side""]",missing_side
a7b0bd3d149feabb,BTCUSDT,short,2026-08-27 21:26:48,,80448.97,,,80085.66,,,,,,open,TradingView,M5,Screenshot_20260827-212648.TradingView.png,D:\Danilo\Trading\Cursor Trading\assets\images\Operaciones del celular desde 1 abril hasta 17 septiembre\Screenshot_20260827-212648.TradingView.png,2026-08-27 21:26:48,0.849,"{""entry"": 0.95, ""take_profit"": 0.8960081458091735, ""side"": 0.65, ""symbol"": 0.9, ""capture_ts"": 0.95}",8bab67e290e6,v_ops_apr_sep,20,2,2,0,"9:26 Vo 自82% LTE 81.000,000 80.900,000 Maximo 80.806,760 80.740,630 80.700,000 80.600,000 80.500,000 80.448,970 80.408,330 80.294,670 80.249,580 80.200,000 80.085,660 03:12 80.000,320 79.900,000 79.800,000 Minimo 79.749,700 79.700,000 79.60",[],
b223e90ff43702fd,BTCUSDT,,2026-08-28 23:09:26,,77889.11,,77557.01,77509.78,,,,,1.142,open,TradingView,M5,Screenshot_20260828-230926.TradingView.png,D:\Danilo\Trading\Cursor Trading\assets\images\Operaciones del celular desde 1 abril hasta 17 septiembre\Screenshot_20260828-230926.TradingView.png,2026-08-28 23:09:26,0.898,"{""entry"": 0.95, ""take_profit"": 0.8954867029190063, ""stop_loss"": 0.8479849290847778, ""symbol"": 0.9, ""capture_ts"": 0.95}",c94871843a65,v_ops_apr_sep,22,2,1,1,"11:09 Vo 自78% LTE 78.120,000 78.080,293 78.040,000 78.000,000 Maximo 77.963,920 77.920,000 77.889,110 77.845,870 77.800,000 77.755,470 77.720,000 77.680,000 77.640,000 77.600,000 77.557,010 00:35 17530000 77.509,780 230000 77.480,000 77.440","[""missing_side""]",missing_side
2ff0fd1aa63d9aa6,BTCUSDT,short,2026-08-29 14:21:36,,78132.6,,78279.02,77791.32,,,,,2.331,open,TradingView,M5,Screenshot_20260829-142136.TradingView.png,D:\Danilo\Trading\Cursor Trading\assets\images\Operaciones del celular desde 1 abril hasta 17 septiembre\Screenshot_20260829-142136.TradingView.png,2026-08-29 14:21:36,0.898,"{""entry"": 0.95, ""take_profit"": 0.8989173817634583, ""stop_loss"": 0.8420845580101013, ""side"": 0.9, ""symbol"": 0.9, ""capture_ts"": 0.95}",857d05e85325,v_ops_apr_sep,22,3,2,1,"2:21 Vo 白59% LTE 78.520,000 78.480,000 78.440,000 78.400,000 78.360,000 Maximo 78330.000 78.317,610 78.279,020 03:25 78.240,000 78.200,000 78.160,000 :00 78.132,600 70.1Z0,000 78.080,293 78.040,000 14:00 78.000,000 77.960,000 77.920,000 13:",[],
9d423b6f602e6184,BTCUSDT,short,2026-08-30 14:55:02,,79294.63,,,78721.12,,,,,,open,TradingView,M5,Screenshot_20260830-145502.TradingView.png,D:\Danilo\Trading\Cursor Trading\assets\images\Operaciones del celular desde 1 abril hasta 17 septiembre\Screenshot_20260830-145502.TradingView.png,2026-08-30 14:55:02,0.85,"{""entry"": 0.95, ""take_profit"": 0.8984305214881898, ""side"": 0.65, ""symbol"": 0.9, ""capture_ts"": 0.95}",aa81bf0a8315,v_ops_apr_sep,20,2,3,0,"2:55 Inv Vo3 白71% LTE Metric Value 79.900,000 Optimal length 25.47 (25) Memory 500 Goal Balanced 79.800,000 Trend Bearish 79.700,000 79.600,000 79.500,000 Maximo 79.400,000 0.05 @79184.50 79.294,630 0.05 @79071 88 0.05 79.200,000 个 ? 79068.",[],
167c33f3662653f1,BTCUSDT,long,2026-08-31 09:42:50,,77890.69,,77586.72,78582.9,,,,,2.277,open,TradingView,M5,Screenshot_20260831-094250.TradingView.png,D:\Danilo\Trading\Cursor Trading\assets\images\Operaciones del celular desde 1 abril hasta 17 septiembre\Screenshot_20260831-094250.TradingView.png,2026-08-31 09:42:50,0.888,"{""entry"": 0.8988543343544007, ""take_profit"": 0.8978213238716126, ""stop_loss"": 0.8448856925964356, ""side"": 0.9, ""symbol"": 0.9, ""capture_ts"": 0.95}",a9d2bfb9accf,v_ops_apr_sep,20,1,2,1,"9:42 Vo3 白64% LTE Metric Value 79.800,000 Optimal length 22.44 (22) Memory 500 79.600,000 Goal Balanced Trend Bullish 79.400,000 79.200,000 79.000,000 Maximo 78.802,000 78.752,457 0.1@78527.99 78.582,900 02:11 78.400,000 78.276,814 78.200,0",[],
39f1a596c47713db,BTCUSDT,,2026-08-31 17:35:27,,79380.3,,78690.01,78600.37,,,,,1.13,open,TradingView,M5,Screenshot_20260831-173527.TradingView.png,D:\Danilo\Trading\Cursor Trading\assets\images\Operaciones del celular desde 1 abril hasta 17 septiembre\Screenshot_20260831-173527.TradingView.png,2026-08-31 17:35:27,0.899,"{""entry"": 0.95, ""take_profit"": 0.8964374303817749, ""stop_loss"": 0.8487623572349549, ""symbol"": 0.9, ""capture_ts"": 0.95}",3207888e16df,v_ops_apr_sep,21,2,1,1,"5:35 Vo 30% LTE Metric Value 79.800,000 Optimal length 23.39 (23) Memory 500 79.700,000 Goal Balanced Trend Bearish 79.600,000 79.500,000 79.400.000 79.380,300 0.05 @79107.98 79.300,000 Maximo 79.250,000 79.200,000 79.104,140 0.05 @78883.68","[""missing_side""]",missing_side
2c0d71532899b4a4,BTCUSDT,long,2026-09-01 12:08:50,,77843.04,,77546.01,78496.21,,,,,2.199,open,TradingView,,Screenshot_20260901-120850.TradingView.png,D:\Danilo\Trading\Cursor Trading\assets\images\Operaciones del celular desde 1 abril hasta 17 septiembre\Screenshot_20260901-120850.TradingView.png,2026-09-01 12:08:50,0.885,"{""entry"": 0.8941510105133057, ""take_profit"": 0.8913854169845581, ""stop_loss"": 0.8417678308486939, ""side"": 0.9, ""symbol"": 0.9, ""capture_ts"": 0.95}",230fa6d425d6,v_ops_apr_sep,11,1,1,1,"78.581,290 78.496,210 Maximo 78.424,000 78.200,000 78.000,000 77.843,040 7.000,000 77.591850 77.546,010 01:11 3:00 77.400,000 Minimo 77.318,000 12:00 77.200,000 70,0 50,0 43,0 39,7 30",[],
64e2e63e569c452a,BTCUSDT,long,2026-09-01 18:41:53,,77171.9,,76940.49,77558.0,,,,,1.668,open,TradingView,M5,Screenshot_20260901-184153.TradingView.png,D:\Danilo\Trading\Cursor Trading\assets\images\Operaciones del celular desde 1 abril hasta 17 septiembre\Screenshot_20260901-184153.TradingView.png,2026-09-01 18:41:53,0.889,"{""entry"": 0.899595468044281, ""take_profit"": 0.8971461939811707, ""stop_loss"": 0.8479318141937255, ""side"": 0.9, ""symbol"": 0.9, ""capture_ts"": 0.95}",76049d0cbfdb,v_ops_apr_sep,22,1,2,1,"6:41 Vo 自86% LTE 78.400,000 78.300,000 78.200,000 78.100,000 78.000,000 77.900,000 77.800,000 77.705,322 Maximo 77.624,600 77.558,000 03:08 77.481,330 77.400,000 77.300,000 77.200.000 00:6 77.171,900 77.100,000 77.000,000 8:00 76.940,490 /6",[],
5d9047b6d01759e6,BTCUSDT,long,2026-09-02 12:09:37,,77634.38,,77096.75,120210.0,,,,,79.191,open,TradingView,,Screenshot_20260902-120937.TradingView.png,D:\Danilo\Trading\Cursor Trading\assets\images\Operaciones del celular desde 1 abril hasta 17 septiembre\Screenshot_20260902-120937.TradingView.png,2026-09-02 12:09:37,0.883,"{""entry"": 0.8992052817344667, ""take_profit"": 0.8735062519709269, ""stop_loss"": 0.8408409166336059, ""side"": 0.9, ""symbol"": 0.9, ""capture_ts"": 0.95}",e12f55c7463d,v_ops_apr_sep,16,1,1,1,"77.705,322 77.634,380 Maximo 77.582,000 77.500.000 77.472.310 77.439,000 400.000 77.379,089 77.300,000 77.200,000 2:0 77.120210 77.096,750 00:24 13:00 77.000,000 76.900,000 76.800,000 Minimo 76.748,010 11:00 76.700,000 70,0 63,2 50,0 1% 43,",[],
fe8957310378cadd,BTCUSDT,long,2026-09-02 12:49:13,,77007.43,,76814.04,77397.94,,,,,2.019,open,TradingView,,Screenshot_20260902-124913.TradingView.png,D:\Danilo\Trading\Cursor Trading\assets\images\Operaciones del celular desde 1 abril hasta 17 septiembre\Screenshot_20260902-124913.TradingView.png,2026-09-02 12:49:13,0.886,"{""entry"": 0.8967331528663636, ""take_profit"": 0.892428207397461, ""stop_loss"": 0.8431128978729248, ""side"": 0.9, ""symbol"": 0.9, ""capture_ts"": 0.95}",9df862d1e26b,v_ops_apr_sep,14,1,1,1,"77.800,000 77.705,322 Maximo 77.582,000 77.500,000 77.439,000 77.397,940 00:47 77.300,000 77.200,000 2:00 77.100,000 77.007,430 13:00 76.900,000 76.814,040 11:00 76.700,000 Minimo 76.625,000 70,0 63,2 58,3 50.0",[],
540e60a1b9f2da8f,BTCUSDT_REVIEW,short,2026-09-03 16:08:25,,53730.2,,,53674.613,,,,,,open,TradingView,M5,Screenshot_20260903-160825.TradingView.png,D:\Danilo\Trading\Cursor Trading\assets\images\Operaciones del celular desde 1 abril hasta 17 septiembre\Screenshot_20260903-160825.TradingView.png,2026-09-03 16:08:25,0.55,"{""entry"": 0.95, ""take_profit"": 0.8980088019371033, ""side"": 0.65, ""symbol"": 0.9, ""capture_ts"": 0.95}",0469e4871edd,v_ops_apr_sep,17,2,3,0,"4:08 Vo 白52% LTE 53.820,000 53.800,000 53.780,000 53.760,000 53.740,000 Maximo 53.730,200 53.725,413 53.720,000 53.700,000 53.695,200 53.680,000 53.674,613 53.660,000 53.651,100 01:35 16:00 53.628,600 Minimo 53.617,800 53.600,000 80.0 70,0 ",[],price_regime_conflict
6f1f251213d18681,BTCUSDT,long,2026-09-03 20:35:37,,81204.6,,80961.19,81808.9,,,,,2.483,open,TradingView,M5,Screenshot_20260903-203537.TradingView.png,D:\Danilo\Trading\Cursor Trading\assets\images\Operaciones del celular desde 1 abril hasta 17 septiembre\Screenshot_20260903-203537.TradingView.png,2026-09-03 20:35:37,0.889,"{""entry"": 0.8988358628749848, ""take_profit"": 0.8964654564857484, ""stop_loss"": 0.8474667191505432, ""side"": 0.9, ""symbol"": 0.9, ""capture_ts"": 0.95}",823543929e94,v_ops_apr_sep,22,1,1,1,"8:35 Vo 23% LTE 82.500,000 82.400,000 Maximo 82.300,000 82.200,000 82.091,341 82.000,000 81.900,000 81.808,900 81.700,000 81.600,000 81.500,000 81.400,000 81300.000 81.270,370 81.204,600 81.100,000 19:0 81.000.000 80.961,190 20: 80.900,000 ",[],
a1adca44c201ca3e,BTCUSDT_REVIEW,long,2026-09-04 11:38:01,,53312.8,,53247.3,53456.9,,,,,2.2,open,TradingView,,Screenshot_20260904-113801.TradingView.png,D:\Danilo\Trading\Cursor Trading\assets\images\Operaciones del celular desde 1 abril hasta 17 septiembre\Screenshot_20260904-113801.TradingView.png,2026-09-04 11:38:01,0.55,"{""entry"": 0.8955289554595948, ""take_profit"": 0.8897081255912781, ""stop_loss"": 0.8336766481399536, ""side"": 0.9, ""symbol"": 0.9, ""capture_ts"": 0.95}",1316f6ebb0d2,v_ops_apr_sep,15,1,1,2,"53.680,000 Maximo 53.665,100 53.642,800 53.600,000 53.560,000 53.520,000 53.480,000 53.456,900 53.440,000 53.416,900 02:00 53.360,000 2:00 53.320.000 53.312,800 Minimo 53.287,300 10;900 53.247,300 80.0 70,0 61,9 52,4",[],price_regime_conflict
7e370b0e3356a0ea,BTCUSDT,,2026-09-05 14:45:33,,80241.56,,79887.995,79856.4,,,,,1.089,open,TradingView,,Screenshot_20260905-144533.TradingView.png,D:\Danilo\Trading\Cursor Trading\assets\images\Operaciones del celular desde 1 abril hasta 17 septiembre\Screenshot_20260905-144533.TradingView.png,2026-09-05 14:45:33,0.898,"{""entry"": 0.95, ""take_profit"": 0.8943183732032776, ""stop_loss"": 0.8469739246368408, ""symbol"": 0.9, ""capture_ts"": 0.95}",c299d9075614,v_ops_apr_sep,17,2,2,1,"80.300,000 80.241,560 Maximo 80.200,000 80.150,000 80.100,000 80.078,730 80.050,000 80.000,000 13:0p 79.950,000 14： 79.887,995 79.856,400 04:28 79.800,000 79.770,010 79.750,000 15:00 79.700,000 79.660,770 79.600,000 80,0 70,0 60.0 52,9 50,0","[""missing_side""]",missing_side
1d96b1d1d0fa04c5,BTCUSDT_REVIEW,long,2026-09-07 09:50:56,,53094.904,,,53162.2,,,,,,open,TradingView,,Screenshot_20260907-095056.TradingView.png,D:\Danilo\Trading\Cursor Trading\assets\images\Operaciones del celular desde 1 abril hasta 17 septiembre\Screenshot_20260907-095056.TradingView.png,2026-09-07 09:50:56,0.55,"{""entry"": 0.95, ""take_profit"": 0.8892759013175964, ""side"": 0.65, ""symbol"": 0.9, ""capture_ts"": 0.95}",f3c04f0a3c9a,v_ops_apr_sep,12,2,1,0,"53.180,000 Maximo 53.174,100 53.162,200 53.146,941 53.140,000 53.120,000 53.100.000 53.094,904 08:88:00 53.084,100 53.060,000 Minimo 53.050,600 10: 04:04 53.040,00U",[],price_regime_conflict
e4cdd6c8d24b8fde,BTCUSDT,,2026-09-07 10:50:24,,79099.31,,78899.21,78852.0,,,,,1.236,open,TradingView,,Screenshot_20260907-105024.TradingView.png,D:\Danilo\Trading\Cursor Trading\assets\images\Operaciones del celular desde 1 abril hasta 17 septiembre\Screenshot_20260907-105024.TradingView.png,2026-09-07 10:50:24,0.879,"{""entry"": 0.8919501078128815, ""take_profit"": 0.8843129420280457, ""stop_loss"": 0.8383098220825196, ""symbol"": 0.9, ""capture_ts"": 0.95}",79f1a9b2e07a,v_ops_apr_sep,13,1,2,1,"Maximo 79.691,060 79.600,000 79.556,716 79.500,000 79.399,130 79.300,000 09 79.201,431 79.099,310 79.000,000 10: 78.899,210 78.852,000 04:37 70 700.000 Minimo 78.680,000 11:00 78.600,000 70,0 50,0 48,8 34,2","[""missing_side""]",missing_side
88731031837153a6,BTCUSDT_REVIEW,short,2026-09-08 12:02:31,,53095.019,,,52879.0,,,,,,open,TradingView,,Screenshot_20260908-120231.TradingView.png,D:\Danilo\Trading\Cursor Trading\assets\images\Operaciones del celular desde 1 abril hasta 17 septiembre\Screenshot_20260908-120231.TradingView.png,2026-09-08 12:02:31,0.55,"{""entry"": 0.95, ""take_profit"": 0.8919212126731872, ""side"": 0.65, ""symbol"": 0.9, ""capture_ts"": 0.95}",71c0ddeb731d,v_ops_apr_sep,18,2,2,0,"53.095.019 Maximo 53.085,600 53.075,000 53.045,700 53.025,000 53.000,000 52.975,000 52.950,000 52.926,100 52.900,000 52.879,000 02:29 52.850,000 52.825,000 11:013:00 52.799,800 12:00 52.775,000 52.750,000 52727800 Minimo 52.720,100 52.700,0",[],price_regime_conflict
818299371d00208d,BTCUSDT_REVIEW,long,2026-09-09 12:15:19,,52375.6,,,52509.3,,,,,,open,TradingView,M5,Screenshot_20260909-121519.TradingView.png,D:\Danilo\Trading\Cursor Trading\assets\images\Operaciones del celular desde 1 abril hasta 17 septiembre\Screenshot_20260909-121519.TradingView.png,2026-09-09 12:15:19,0.55,"{""entry"": 0.95, ""take_profit"": 0.8952417635917664, ""side"": 0.65, ""symbol"": 0.9, ""capture_ts"": 0.95}",e0a77f848c4b,v_ops_apr_sep,21,2,1,0,"12:15 Vo 白60% LTE 52.840,000 52.800,000 52.774,500 52.760,000 52.739,889 52.720,000 52.680,000 52.640,000 52.600,000 Maximo 52.579,700 52.563,268 52.520.000 52.509,300 04:42 52.480,000 52.440,000 3:00 52.400,000 52.375,600 52.360.000 52.352",[],price_regime_conflict
2cd30485c0c9c630,BTCUSDT,,2026-09-09 20:21:48,,78908.084,,78188.01,78465.72,,,,,0.614,open,TradingView,M5,Screenshot_20260909-202148.TradingView.png,D:\Danilo\Trading\Cursor Trading\assets\images\Operaciones del celular desde 1 abril hasta 17 septiembre\Screenshot_20260909-202148.TradingView.png,2026-09-09 20:21:48,0.899,"{""entry"": 0.95, ""take_profit"": 0.896923234462738, ""stop_loss"": 0.8482523488998412, ""symbol"": 0.9, ""capture_ts"": 0.95}",7005338657ab,v_ops_apr_sep,19,2,2,1,"8:21 B Vo 95% LTE USDT 79.300,000 79.200,000 79.100,000 79.000,000 Maximo 78.938.550 78.908,084 78.800,000 78.700,000 78.600,000 78.526,242 0000068 78.465,720 78.400,000 78.306,430 78.188,010 03:13 78.100,000 :00 70-000 77.982,060 77.929,37","[""missing_side""]",missing_side
2ba81d88daf48acb,BTCUSDT_REVIEW,long,2026-09-10 09:10:03,,52099.9,,,52542.112,,,,,,open,TradingView,,Screenshot_20260910-091003.TradingView.png,D:\Danilo\Trading\Cursor Trading\assets\images\Operaciones del celular desde 1 abril hasta 17 septiembre\Screenshot_20260910-091003.TradingView.png,2026-09-10 09:10:03,0.55,"{""entry"": 0.8964980590343476, ""take_profit"": 0.89879478931427, ""side"": 0.65, ""symbol"": 0.9, ""capture_ts"": 0.95}",e52354810a48,v_ops_apr_sep,18,1,2,0,"Maximo 52.557,800 52.542,112 52.520,000 52.480,000 52.435,900 52.400,000 52.381,808 52.360,000 52.320,000 52.272,500 52.240,000 52.200,000 08:00 52.160,000 52.120,000 52.099,900 52.079,742 00:60 52.040,000 Minimo 52.013,300 10:00 04:58",[],price_regime_conflict
2d494e9623b12fac,BTCUSDT_REVIEW,long,2026-09-10 09:25:27,,52118.7,,52037.3,52277.1,,,,,1.946,open,TradingView,,Screenshot_20260910-092527.TradingView.png,D:\Danilo\Trading\Cursor Trading\assets\images\Operaciones del celular desde 1 abril hasta 17 septiembre\Screenshot_20260910-092527.TradingView.png,2026-09-10 09:25:27,0.55,"{""entry"": 0.8953614306449891, ""take_profit"": 0.8903873014450073, ""stop_loss"": 0.8326711893081665, ""side"": 0.9, ""symbol"": 0.9, ""capture_ts"": 0.95}",9034e6b2aac4,v_ops_apr_sep,20,1,1,1,"52.600,000 52.542,112 Maximo 52.513,800 52.450.000 52.435,900 52.400.000 52.381,808 52.350,000 52.300,000 52.277,100 52.250,000 52.200,000 08:00 52.150,000 52.118,700 52.100.000 52.079,742 52.050.000 00:60 52.037,300 Minimo 52.006,700 10:00",[],price_regime_conflict
081f342750cc008b,BTCUSDT_REVIEW,long,2026-09-10 15:44:06,,52006.1,,51953.7,52104.6,,,,,1.88,open,TradingView,,Screenshot_20260910-154406.TradingView.png,D:\Danilo\Trading\Cursor Trading\assets\images\Operaciones del celular desde 1 abril hasta 17 septiembre\Screenshot_20260910-154406.TradingView.png,2026-09-10 15:44:06,0.55,"{""entry"": 0.8943683207035066, ""take_profit"": 0.8967288661003112, ""stop_loss"": 0.8345670294761658, ""side"": 0.9, ""symbol"": 0.9, ""capture_ts"": 0.95}",cae3e300b589,v_ops_apr_sep,20,1,1,2,"Maximo 52.277,100 52.268,031 52.250,000 52.225,000 52.200,000 52.175,000 52.150,000 52.125,000 52.104,600 52.075.000 52.069,100 00:55 52.050,000 52.025.000 52.019,411 52.006,100 51.975,000 Minimo 51.050.000 51.953,700 15:0 51.925,000 51.900",[],price_regime_conflict
d2fcae5dfb56fc44,BTCUSDT,short,2026-09-12 11:03:26,,77518.83,,,77505.67,,,,,,open,Other,,Screenshot_20260912-110326.Moto App Launcher.png,D:\Danilo\Trading\Cursor Trading\assets\images\Operaciones del celular desde 1 abril hasta 17 septiembre\Screenshot_20260912-110326.Moto App Launcher.png,2026-09-12 11:03:26,0.847,"{""entry"": 0.95, ""take_profit"": 0.8890870094299317, ""side"": 0.65, ""symbol"": 0.9, ""capture_ts"": 0.95}",af5271abbe65,v_ops_apr_sep,14,2,3,0,"77.560,000 77.518,830 Maximo 77.505,670 77.490,367 7.480,000 77.433,810 7-449-000 77.418,750 77.400,797 Pacienci 11:00 77.360,000 0:00 XA 77.320,000 77.280.000 Deposito 77.263,510 Beneficio Minimo Swap 00:60 77.240,000 Comision 77.225,700 B",[],
aa3ac2994aabd263,BTCUSDT,short,2026-09-12 12:30:36,,77411.3,,,77280.07,,,,,,open,TradingView,,Screenshot_20260912-123036.TradingView.png,D:\Danilo\Trading\Cursor Trading\assets\images\Operaciones del celular desde 1 abril hasta 17 septiembre\Screenshot_20260912-123036.TradingView.png,2026-09-12 12:30:36,0.848,"{""entry"": 0.95, ""take_profit"": 0.8932700157165527, ""side"": 0.65, ""symbol"": 0.9, ""capture_ts"": 0.95}",e31e9bc89c0c,v_ops_apr_sep,15,3,1,0,"77.525,000 Maximo 77.505,670 77.490,367 77.474,610 77.450,000 77.425,000 77.411,300 77.400,797 77.375,000 77.350,000 12: 77.325,000 77.300,000 77288080 77.280,070 77.268,217 Minimo 77.255,190 53,1 50,0 39,3 1% 33,2 30,0 09:00AM 12:00PM",[],
065ff43b41025047,BTCUSDT,short,2026-09-13 17:26:33,,77411.3,,,77005.82,,,,,,open,TradingView,,Screenshot_20260913-172633.TradingView.png,D:\Danilo\Trading\Cursor Trading\assets\images\Operaciones del celular desde 1 abril hasta 17 septiembre\Screenshot_20260913-172633.TradingView.png,2026-09-13 17:26:33,0.848,"{""entry"": 0.95, ""take_profit"": 0.8936458134651184, ""side"": 0.65, ""symbol"": 0.9, ""capture_ts"": 0.95}",709969360fba,v_ops_apr_sep,14,3,2,0,"77490367 77.477,980 Maximo 77.450,000 77.411,300 77.350,000 77.319,570 77.300,000 77.280,070 7.250,000 16:00 77.200,000 77.150,000 77.100,000 77.050,000 77.005,820 76.950,000 70,0 51,9 50,0 1% 30,0",[],
45da7682ef74a9d7,BTCUSDT_REVIEW,short,2026-09-14 14:44:17,,52687.9,,,52452.9,,,,,,open,TradingView,,Screenshot_20260914-144417.TradingView.png,D:\Danilo\Trading\Cursor Trading\assets\images\Operaciones del celular desde 1 abril hasta 17 septiembre\Screenshot_20260914-144417.TradingView.png,2026-09-14 14:44:17,0.55,"{""entry"": 0.95, ""take_profit"": 0.8986549210548401, ""side"": 0.65, ""symbol"": 0.9, ""capture_ts"": 0.95}",af9786e97144,v_ops_apr_sep,18,2,2,0,"52.720,000 52.687,900 52.654,100 Maximo 52.636,716 52.600,000 52.575,400 52.560,000 52.546,031 ppp5pPND 52.520,000 52.480,000 52.452,900 00:43 52.400,000 52.379,000 52.360,000 52.320,000 52.299,788 55.200000 inimo 52.273,400 70,0 55,7 50,0 ",[],price_regime_conflict
b0cd017f79fe234e,BTCUSDT_REVIEW,long,2026-09-14 20:41:11,,52421.5,,52367.5,52501.8,,,,,1.487,open,TradingView,M5,Screenshot_20260914-204111.TradingView.png,D:\Danilo\Trading\Cursor Trading\assets\images\Operaciones del celular desde 1 abril hasta 17 septiembre\Screenshot_20260914-204111.TradingView.png,2026-09-14 20:41:11,0.55,"{""entry"": 0.8990108466148378, ""take_profit"": 0.8982815933227539, ""stop_loss"": 0.8457241916656495, ""side"": 0.9, ""symbol"": 0.9, ""capture_ts"": 0.95}",6cec9fd3c727,v_ops_apr_sep,27,1,1,2,"8:41 Vo 59% LTE 182 52.580,000 Volumen Actual: Vol. Promedio: 211 52.570,000 Relacion: 0.86x 52.560,000 Nivel: NORMAL 52.550,000 Direccion: 52.540,000 52.530,000 52.520,000 52.510,000 52.501,800 52.490,000 52.480,000 52.470,000 52.460,000 M",[],price_regime_conflict
db0abbab237446c7,US30,long,2026-09-15 08:31:54,,29180.73,,29059.85,,,,,,,open,TradingView,M30,Screenshot_20260915-083154.TradingView.png,D:\Danilo\Trading\Cursor Trading\assets\images\Operaciones del celular desde 1 abril hasta 17 septiembre\Screenshot_20260915-083154.TradingView.png,2026-09-15 08:31:54,0.662,"{""entry"": 0.95, ""stop_loss"": 0.4, ""side"": 0.55, ""symbol"": 0.75, ""capture_ts"": 0.95}",049690896cc4,v_ops_apr_sep,10,2,0,1,"29.180,730 29.172,550 Maximo 29.164,400 29.160,000 29.139,300 29.120,000 29.100,000 29.080,000 08:00 07:00 29.059,850 M30 03:07 09:00 Minimo 29.041,850",[],
c4125caec781d45b,UNKNOWN,,2026-09-15 10:01:37,,,,,,,,,,,unknown,TradingView,M15,Screenshot_20260915-100137.TradingView.png,D:\Danilo\Trading\Cursor Trading\assets\images\Operaciones del celular desde 1 abril hasta 17 septiembre\Screenshot_20260915-100137.TradingView.png,2026-09-15 10:01:37,0.3,"{""symbol"": 0.3, ""capture_ts"": 0.95}",2aef6050d96a,v_ops_apr_sep,0,0,0,0,"109,500 Maximo 109,348 109,253 03:24 1:00 109,000 108,801 108,710 M15 108,500 108,001 M30 0:00 107,500 107,000 106,832 106,509 106,000 00:60 105,864 Minimo 105,748","[""missing_entry"", ""missing_side"", ""low_confidence"", ""sparse_ocr""]",missing_side;missing_entry
f68f7bd278000285,BTCUSDT,long,2026-09-15 13:02:54,,76314.85,,76144.37,77060.11,,,,,4.372,open,TradingView,M15,Screenshot_20260915-130254.TradingView.png,D:\Danilo\Trading\Cursor Trading\assets\images\Operaciones del celular desde 1 abril hasta 17 septiembre\Screenshot_20260915-130254.TradingView.png,2026-09-15 13:02:54,0.887,"{""entry"": 0.8948019719123841, ""take_profit"": 0.8965950012207031, ""stop_loss"": 0.843378574848175, ""side"": 0.9, ""symbol"": 0.9, ""capture_ts"": 0.95}",0afb83245b6d,v_ops_apr_sep,14,1,1,2,"Maximo 77.343,440 77.200,000 77.060,110 77.000,000 76.943,210 02:06 76.800,000 M15 76.600,000 M30 76.400,000 76.314,850 76.200,000 76.144,370 76.000,000 75.800,000 Minimo 75.605,000",[],
94407c0e45bf39df,BTCUSDT_REVIEW,long,2026-09-16 10:11:29,,51941.6,,,52121.9,,,,,,open,TradingView,,Screenshot_20260916-101129.TradingView.png,D:\Danilo\Trading\Cursor Trading\assets\images\Operaciones del celular desde 1 abril hasta 17 septiembre\Screenshot_20260916-101129.TradingView.png,2026-09-16 10:11:29,0.55,"{""entry"": 0.95, ""take_profit"": 0.8950362277030945, ""side"": 0.65, ""symbol"": 0.9, ""capture_ts"": 0.95}",a713dd24f9f1,v_ops_apr_sep,16,3,3,0,"52.280.000 Maximo 52.270.800 52.259,762 52.240,000 52.200,000 52.160,000 52.121,900 52.104,300 52.087,168 52-040000 1:00 52.033,200 52.000,000 51.960,000 51.941,600 00:60 51.920,000 51.886,961 Minimo",[],price_regime_conflict
240edd50c09ac023,BTCUSDT,,2026-09-16 17:30:53,,76220.844,,75733.61,75490.73,,,,,1.498,open,TradingView,,Screenshot_20260916-173053.TradingView.png,D:\Danilo\Trading\Cursor Trading\assets\images\Operaciones del celular desde 1 abril hasta 17 septiembre\Screenshot_20260916-173053.TradingView.png,2026-09-16 17:30:53,0.896,"{""entry"": 0.95, ""take_profit"": 0.8909770703315736, ""stop_loss"": 0.8418431735038758, ""symbol"": 0.9, ""capture_ts"": 0.95}",26946308123e,v_ops_apr_sep,13,2,1,1,"76600.000 Maximo 76.560,760 76.400,000 76.220,844 76.164,560 76.000,000 16:00 17:0 75.800,000 75.733,610 04:08 18:00 75.600,00u 75.490,730 75.400,000 75.200,000 Minimo 75.064,820 70,0 62,0 DDAD M 50,0 39.1 00PM 03:00PM 06:00PM","[""missing_side""]",missing_side
c42563f4e10be629,US30,short,2026-09-17 10:58:29,,29446.13,,,29306.95,,,,,,open,TradingView,,Screenshot_20260917-105829.TradingView.png,D:\Danilo\Trading\Cursor Trading\assets\images\Operaciones del celular desde 1 abril hasta 17 septiembre\Screenshot_20260917-105829.TradingView.png,2026-09-17 10:58:29,0.809,"{""entry"": 0.95, ""take_profit"": 0.8870743298530579, ""side"": 0.65, ""symbol"": 0.75, ""capture_ts"": 0.95}",976134598a2f,v_ops_apr_sep,14,2,2,1,"29.460,000 Maximo 29.446,130 29.441,112 29.425,650 01:32 29.400.000 29.395,620 29.380,000 29.360,000 11:00 29.340,000 10:00 29.320,000 20.310241 29.306,950 29.300,000 09: 0C Minimo 29.289,550",[],
